"atc_code","n_countries","n_sites_total","hhi","effective_countries","source"
"A02BC05",1,1,10000,1,"EPAR"
"A10AB05",2,2,5000,2,"EPAR"
"B01AC04",3,4,3750,2.66666666666667,"EPAR"
"B01AE07",4,4,2500,4,"EPAR"
"B02BD02",5,7,2653.0612244898,3.76923076923077,"EPAR"
"C01BB02",1,1,10000,1,"EPAR"
"C01CA24",2,2,5000,2,"EPAR"
"H02AB09",1,3,10000,1,"EPAR"
"J01DF01",1,1,10000,1,"EPAR"
"J01DH56",1,1,10000,1,"EPAR"
"J01GB01",2,2,5000,2,"EPAR"
"J02AC04",7,8,1562.5,6.4,"EPAR"
"J04AK05",1,1,10000,1,"EPAR"
"J05AF06",2,2,5000,2,"EPAR"
"J05AG01",3,3,3333.33333333333,3,"EPAR"
"J05AR02",1,1,10000,1,"EPAR"
"J06BA01",1,1,10000,1,"EPAR"
"J06BB04",1,1,10000,1,"EPAR"
"J07AH09",1,1,10000,1,"EPAR"
"J07BA02",1,2,10000,1,"EPAR"
"J07BB02",4,4,2500,4,"EPAR"
"J07BC01",1,1,10000,1,"EPAR"
"J07BH02",1,1,10000,1,"EPAR"
"J07BM03",2,2,5000,2,"EPAR"
"L01AB02",1,1,10000,1,"EPAR"
"L01AC01",1,1,10000,1,"EPAR"
"L01CD01",2,4,6250,1.6,"EPAR"
"L01CE01",4,5,2800,3.57142857142857,"EPAR"
"L01DB01",2,2,5000,2,"EPAR"
"L01EA03",3,4,3750,2.66666666666667,"EPAR"
"L01EC02",3,4,3750,2.66666666666667,"EPAR"
"L01EE01",4,6,2777.77777777778,3.6,"EPAR"
"L01EL01",2,2,5000,2,"EPAR"
"L01FA03",2,2,5000,2,"EPAR"
"L01FB01",1,1,10000,1,"EPAR"
"L01FC01",4,4,2500,4,"EPAR"
"L01FF01",1,1,10000,1,"EPAR"
"L01FF02",5,6,2222.22222222222,4.5,"EPAR"
"L01FX05",3,3,3333.33333333333,3,"EPAR"
"L01XX05",3,3,3333.33333333333,3,"EPAR"
"L01XX23",2,2,5000,2,"EPAR"
"L01XX24",1,1,10000,1,"EPAR"
"L04AC02",1,1,10000,1,"EPAR"
"L04AC03",2,2,5000,2,"EPAR"
"L04AH01",3,3,3333.33333333333,3,"EPAR"
"N03AG04",1,3,10000,1,"EPAR"
"N05AH03",6,9,2592.59259259259,3.85714285714286,"EPAR"
"N05CM18",1,1,10000,1,"EPAR"
"V03AB17",1,1,10000,1,"EPAR"
"V03AB33",2,3,5555.55555555556,1.8,"EPAR"
"V03AB35",3,5,3600,2.77777777777778,"EPAR"
"A02BC05",10,56,2570.15306122449,3.8908188585608,"Germany"
"A03BA01",4,6,2777.77777777778,3.6,"Germany"
"A03FA01",3,7,3877.55102040816,2.57894736842105,"Germany"
"A07AA12",2,4,6250,1.6,"Germany"
"A07BA01",3,15,7600,1.31578947368421,"Germany"
"A10AB01",1,3,10000,1,"Germany"
"A10AB05",7,24,4687.5,2.13333333333333,"Germany"
"A10AC01",5,20,5800,1.72413793103448,"Germany"
"A10AD01",4,19,5069.25207756233,1.97267759562842,"Germany"
"A10AE06",2,2,5000,2,"Germany"
"A11GA01",1,1,10000,1,"Germany"
"A12CC02",2,2,5000,2,"Germany"
"A16AB02",4,6,2777.77777777778,3.6,"Germany"
"B01AA03",1,1,10000,1,"Germany"
"B01AB01",5,8,2500,4,"Germany"
"B01AB02",5,10,2200,4.54545454545454,"Germany"
"B01AC04",5,32,4726.5625,2.11570247933884,"Germany"
"B01AC16",1,1,10000,1,"Germany"
"B01AD02",2,5,6800,1.47058823529412,"Germany"
"B01AD11",2,4,6250,1.6,"Germany"
"B01AE07",5,13,4201.18343195266,2.38028169014085,"Germany"
"B02AA02",5,10,2400,4.16666666666667,"Germany"
"B02BA01",3,11,6859.5041322314,1.4578313253012,"Germany"
"B02BB01",6,9,2098.76543209877,4.76470588235294,"Germany"
"B02BD01",5,8,2500,4,"Germany"
"B02BD02",7,16,2109.375,4.74074074074074,"Germany"
"B02BD03",2,4,6250,1.6,"Germany"
"B02BD04",4,6,2777.77777777778,3.6,"Germany"
"B02BD05",1,2,10000,1,"Germany"
"B02BD07",1,2,10000,1,"Germany"
"B02BD08",4,4,2500,4,"Germany"
"B03BA03",1,1,10000,1,"Germany"
"B05AA01",10,20,1350,7.4074074074074,"Germany"
"B05AA02",1,1,10000,1,"Germany"
"B05BB01",10,25,2672,3.74251497005988,"Germany"
"B05BC01",2,12,8472.22222222222,1.18032786885246,"Germany"
"B05XA01",2,3,5555.55555555556,1.8,"Germany"
"B06AC01",2,2,5000,2,"Germany"
"C01AA05",3,4,3750,2.66666666666667,"Germany"
"C01BB01",4,8,2812.5,3.55555555555556,"Germany"
"C01BB02",3,4,3750,2.66666666666667,"Germany"
"C01BC04",6,12,2500,4,"Germany"
"C01BD01",5,23,2400.7561436673,4.16535433070866,"Germany"
"C01CA02",2,2,5000,2,"Germany"
"C01CA03",5,11,2561.98347107438,3.90322580645161,"Germany"
"C01CA04",2,3,5555.55555555556,1.8,"Germany"
"C01CA07",3,6,3888.88888888889,2.57142857142857,"Germany"
"C01CA24",5,13,4201.18343195266,2.38028169014084,"Germany"
"C01CA26",1,2,10000,1,"Germany"
"C01CE02",6,8,1875,5.33333333333333,"Germany"
"C01DA02",1,2,10000,1,"Germany"
"C01EB10",6,10,2000,5,"Germany"
"C02AB01",4,6,3333.33333333333,3,"Germany"
"C02AC01",3,7,4285.71428571429,2.33333333333333,"Germany"
"C02DD01",3,3,3333.33333333333,3,"Germany"
"C03CA01",4,19,3019.39058171745,3.31192660550459,"Germany"
"C07AA05",4,6,3333.33333333333,3,"Germany"
"C08CA06",3,4,3750,2.66666666666667,"Germany"
"C08DA01",4,7,2653.0612244898,3.76923076923077,"Germany"
"D10AX05",1,1,10000,1,"Germany"
"G02AB01",2,6,5555.55555555556,1.8,"Germany"
"G03XB01",2,3,5555.55555555556,1.8,"Germany"
"H01BA01",2,2,5000,2,"Germany"
"H01BA02",5,12,2361.11111111111,4.23529411764706,"Germany"
"H01BB02",2,2,5000,2,"Germany"
"H01BB03",4,4,2500,4,"Germany"
"H02AA02",3,6,5000,2,"Germany"
"H02AB04",7,18,1851.85185185185,5.4,"Germany"
"H02AB06",7,20,2450,4.08163265306123,"Germany"
"H02AB09",7,15,2711.11111111111,3.68852459016393,"Germany"
"H03BA02",2,3,5555.55555555556,1.8,"Germany"
"H03BB01",2,3,5555.55555555556,1.8,"Germany"
"H03BB02",1,3,10000,1,"Germany"
"H04AA01",1,3,10000,1,"Germany"
"J01XD01",2,2,5000,2,"Germany"
"J02AA01",3,4,3750,2.66666666666667,"Germany"
"J02AC01",5,20,3550,2.8169014084507,"Germany"
"J02AC04",3,13,4556.21301775148,2.19480519480519,"Germany"
"J02AC05",5,8,3125,3.2,"Germany"
"J04AB02",1,2,10000,1,"Germany"
"J04AB04",1,1,10000,1,"Germany"
"J04AC01",2,3,5555.55555555556,1.8,"Germany"
"J04AK01",1,2,10000,1,"Germany"
"J04AK02",2,3,5555.55555555556,1.8,"Germany"
"J04AK05",2,3,5555.55555555556,1.8,"Germany"
"J05AB01",7,29,2390.01189060642,4.18407960199005,"Germany"
"J05AB06",3,4,3750,2.66666666666667,"Germany"
"J05AB14",6,23,3421.55009451796,2.92265193370166,"Germany"
"J05AD01",4,4,2500,4,"Germany"
"J05AF01",5,7,2653.0612244898,3.76923076923077,"Germany"
"J05AF05",2,5,6800,1.47058823529412,"Germany"
"J05AF06",1,1,10000,1,"Germany"
"J05AF09",2,9,8024.69135802469,1.24615384615385,"Germany"
"J05AG01",3,7,4285.71428571429,2.33333333333333,"Germany"
"J05AR02",3,19,5789.47368421053,1.72727272727273,"Germany"
"J06BA01",5,8,2187.5,4.57142857142857,"Germany"
"J06BA02",8,16,1406.25,7.11111111111111,"Germany"
"J06BB01",2,2,5000,2,"Germany"
"J06BB02",1,1,10000,1,"Germany"
"J06BB04",2,4,5000,2,"Germany"
"J06BB05",1,1,10000,1,"Germany"
"J07AE01",2,8,7812.5,1.28,"Germany"
"J07AH07",5,7,2244.89795918367,4.45454545454546,"Germany"
"J07AH09",10,33,3645.5463728191,2.74307304785894,"Germany"
"J07AJ52",4,7,3061.22448979592,3.26666666666667,"Germany"
"J07AM51",3,6,5000,2,"Germany"
"J07AP03",2,2,5000,2,"Germany"
"J07BA02",3,7,5510.20408163265,1.81481481481481,"Germany"
"J07BB01",2,2,5000,2,"Germany"
"J07BB02",4,8,2812.5,3.55555555555556,"Germany"
"J07BC01",3,4,3750,2.66666666666667,"Germany"
"J07BC02",5,6,2222.22222222222,4.5,"Germany"
"J07BC20",6,28,5306.12244897959,1.88461538461538,"Germany"
"J07BD52",2,2,5000,2,"Germany"
"J07BD54",2,2,5000,2,"Germany"
"J07BF03",3,5,3600,2.77777777777778,"Germany"
"J07BG01",4,8,3437.5,2.90909090909091,"Germany"
"J07BH02",5,14,3877.55102040816,2.57894736842105,"Germany"
"J07BK01",2,2,5000,2,"Germany"
"J07BL01",2,2,5000,2,"Germany"
"J07BM01",2,16,7812.5,1.28,"Germany"
"J07BM02",7,18,4629.62962962963,2.16,"Germany"
"J07BM03",5,27,3799.7256515775,2.63176895306859,"Germany"
"J07CA01",2,3,5555.55555555556,1.8,"Germany"
"J07CA02",3,5,3600,2.77777777777778,"Germany"
"J07CA06",3,7,3469.38775510204,2.88235294117647,"Germany"
"L01AA01",3,5,3600,2.77777777777778,"Germany"
"L01AA02",4,5,2800,3.57142857142857,"Germany"
"L01AA03",4,14,3571.42857142857,2.8,"Germany"
"L01AA06",3,5,4400,2.27272727272727,"Germany"
"L01AB01",4,6,2777.77777777778,3.6,"Germany"
"L01AB02",3,5,3600,2.77777777777778,"Germany"
"L01AC01",2,3,5555.55555555556,1.8,"Germany"
"L01AX04",3,4,3750,2.66666666666667,"Germany"
"L01BA01",4,5,2800,3.57142857142857,"Germany"
"L01BB02",4,4,2500,4,"Germany"
"L01BB03",2,2,5000,2,"Germany"
"L01BB05",2,2,5000,2,"Germany"
"L01BC01",3,3,3333.33333333333,3,"Germany"
"L01BC02",5,12,2777.77777777778,3.6,"Germany"
"L01BC05",4,19,4459.83379501385,2.24223602484472,"Germany"
"L01CA01",2,3,5555.55555555556,1.8,"Germany"
"L01CA02",2,2,5000,2,"Germany"
"L01CB01",5,9,2098.76543209877,4.76470588235294,"Germany"
"L01CD01",9,33,1404.95867768595,7.11764705882353,"Germany"
"L01CE01",4,4,2500,4,"Germany"
"L01DB01",7,16,1796.875,5.56521739130435,"Germany"
"L01DB02",1,2,10000,1,"Germany"
"L01DB03",7,14,2448.97959183673,4.08333333333333,"Germany"
"L01DB06",4,6,3333.33333333333,3,"Germany"
"L01DB07",2,3,5555.55555555556,1.8,"Germany"
"L01DC01",2,2,5000,2,"Germany"
"L01DC03",4,7,3061.22448979592,3.26666666666667,"Germany"
"L01EA03",3,6,3888.88888888889,2.57142857142857,"Germany"
"L01EC02",4,4,2500,4,"Germany"
"L01EC03",2,2,5000,2,"Germany"
"L01EE01",3,3,3333.33333333333,3,"Germany"
"L01EL01",2,8,6250,1.6,"Germany"
"L01FF01",1,1,10000,1,"Germany"
"L01FX02",2,2,5000,2,"Germany"
"L01FX17",2,2,5000,2,"Germany"
"L01XA01",4,9,3827.16049382716,2.61290322580645,"Germany"
"L01XA02",4,12,3194.44444444444,3.1304347826087,"Germany"
"L01XA03",6,21,2244.89795918367,4.45454545454546,"Germany"
"L01XB01",2,2,5000,2,"Germany"
"L01XF01",1,1,10000,1,"Germany"
"L01XJ01",2,3,5555.55555555556,1.8,"Germany"
"L01XX05",3,9,3580.24691358025,2.79310344827586,"Germany"
"L01XX23",3,7,4285.71428571429,2.33333333333333,"Germany"
"L01XX24",2,2,5000,2,"Germany"
"L02BA01",1,4,10000,1,"Germany"
"L03AB11",5,20,4150,2.40963855421687,"Germany"
"L03AX03",3,5,3600,2.77777777777778,"Germany"
"L03AX13",8,16,1953.125,5.12,"Germany"
"L03AX16",2,7,5102.04081632653,1.96,"Germany"
"L04AA03",1,1,10000,1,"Germany"
"L04AA04",3,4,3750,2.66666666666667,"Germany"
"L04AC02",2,3,5555.55555555556,1.8,"Germany"
"L04AC03",5,8,3125,3.2,"Germany"
"L04AD01",6,10,2000,5,"Germany"
"L04AD02",6,11,2066.11570247934,4.84,"Germany"
"L04AH01",1,1,10000,1,"Germany"
"L04AX02",1,1,10000,1,"Germany"
"L04AX03",3,5,3600,2.77777777777778,"Germany"
"M01CC01",1,1,10000,1,"Germany"
"M03AB01",3,5,3600,2.77777777777778,"Germany"
"M03AC04",4,5,2800,3.57142857142857,"Germany"
"M03AC09",9,14,1326.5306122449,7.53846153846154,"Germany"
"M03AC11",4,8,4375,2.28571428571429,"Germany"
"M03CA01",3,4,3750,2.66666666666667,"Germany"
"N01AH01",2,5,5200,1.92307692307692,"Germany"
"N01AH06",5,6,2222.22222222222,4.5,"Germany"
"N01AX03",2,5,6800,1.47058823529412,"Germany"
"N01AX10",5,8,2500,4,"Germany"
"N01AX14",2,5,6800,1.47058823529412,"Germany"
"N02AA01",8,26,2426.03550295858,4.1219512195122,"Germany"
"N02AA59",8,12,1388.88888888889,7.2,"Germany"
"N02AX01",8,18,1666.66666666667,6,"Germany"
"N02BE01",3,4,3750,2.66666666666667,"Germany"
"N03AA02",2,4,6250,1.6,"Germany"
"N03AB02",3,3,3333.33333333333,3,"Germany"
"N03AD01",2,4,5000,2,"Germany"
"N03AE01",4,5,2800,3.57142857142857,"Germany"
"N03AF01",8,20,1550,6.45161290322581,"Germany"
"N03AG01",6,15,2355.55555555556,4.24528301886792,"Germany"
"N03AG04",3,3,3333.33333333333,3,"Germany"
"N04AA02",2,4,5000,2,"Germany"
"N05AD01",5,9,2098.76543209877,4.76470588235294,"Germany"
"N05AH03",5,12,3194.44444444444,3.1304347826087,"Germany"
"N05AN01",2,4,6250,1.6,"Germany"
"N05BA01",2,6,5555.55555555556,1.8,"Germany"
"N05BA06",3,4,3750,2.66666666666667,"Germany"
"N05CD08",2,3,5555.55555555556,1.8,"Germany"
"N05CM18",8,18,1666.66666666667,6,"Germany"
"N06AX27",2,3,5555.55555555556,1.8,"Germany"
"N06BC01",5,8,2500,4,"Germany"
"N07AA01",2,2,5000,2,"Germany"
"N07XX02",2,6,7222.22222222222,1.38461538461538,"Germany"
"P01AB01",3,4,3750,2.66666666666667,"Germany"
"P01CX01",3,4,3750,2.66666666666667,"Germany"
"P02CA03",3,3,3333.33333333333,3,"Germany"
"R03AC02",6,22,2024.79338842975,4.93877551020408,"Germany"
"R03BB01",3,8,4062.5,2.46153846153846,"Germany"
"R03CC02",1,1,10000,1,"Germany"
"R05CB01",6,12,2083.33333333333,4.8,"Germany"
"R05CB13",2,3,5555.55555555556,1.8,"Germany"
"S01EB01",1,5,10000,1,"Germany"
"S01EB09",1,1,10000,1,"Germany"
"S01EC01",1,1,10000,1,"Germany"
"S01FA04",1,1,10000,1,"Germany"
"S01LA01",2,5,6800,1.47058823529412,"Germany"
"S02AA15",5,5,2000,5,"Germany"
"S03AA07",2,2,5000,2,"Germany"
"V03AB06",1,2,10000,1,"Germany"
"V03AB14",3,4,3750,2.66666666666667,"Germany"
"V03AB15",5,8,2500,4,"Germany"
"V03AB17",2,2,5000,2,"Germany"
"V03AB23",2,3,5555.55555555556,1.8,"Germany"
"V03AB25",4,10,3000,3.33333333333333,"Germany"
"V03AB33",2,2,5000,2,"Germany"
"V03AB34",2,2,5000,2,"Germany"
"V03AB35",9,25,1776,5.63063063063063,"Germany"
"V03AB37",1,2,10000,1,"Germany"
"V03AC01",3,8,4062.5,2.46153846153846,"Germany"
"V03AE01",3,3,3333.33333333333,3,"Germany"
"V03AF01",2,2,5000,2,"Germany"
"V03AF02",3,3,3333.33333333333,3,"Germany"
"V03AF03",3,9,4320.98765432099,2.31428571428571,"Germany"
"V03AF07",2,2,5000,2,"Germany"
"V04CF01",1,1,10000,1,"Germany"
"V10XX03",1,1,10000,1,"Germany"
"A02BC05",15,35,987.755102040816,10.1239669421488,"Ireland"
"A03BA01",1,2,10000,1,"Ireland"
"A03FA01",5,6,2222.22222222222,4.5,"Ireland"
"A07BA01",1,1,10000,1,"Ireland"
"A10AB01",2,2,5000,2,"Ireland"
"A10AC01",3,3,3333.33333333333,3,"Ireland"
"A10AD01",2,2,5000,2,"Ireland"
"B01AA03",2,2,5000,2,"Ireland"
"B01AB01",4,5,2800,3.57142857142857,"Ireland"
"B01AC04",11,14,1020.40816326531,9.8,"Ireland"
"B01AC16",1,1,10000,1,"Ireland"
"B01AD02",2,2,5000,2,"Ireland"
"B01AE07",7,10,1800,5.55555555555555,"Ireland"
"B02AA02",5,7,2244.89795918367,4.45454545454546,"Ireland"
"B02BA01",1,1,10000,1,"Ireland"
"B02BB01",2,2,5000,2,"Ireland"
"B02BD01",3,4,3750,2.66666666666667,"Ireland"
"B02BD02",4,4,2500,4,"Ireland"
"B02BD03",1,1,10000,1,"Ireland"
"B03BA03",3,3,3333.33333333333,3,"Ireland"
"B05AA01",5,9,2345.67901234568,4.26315789473684,"Ireland"
"B05BB01",8,14,1530.61224489796,6.53333333333333,"Ireland"
"B05BC01",4,6,2777.77777777778,3.6,"Ireland"
"B05XA01",5,7,2653.0612244898,3.76923076923077,"Ireland"
"B05XA05",1,1,10000,1,"Ireland"
"B06AB01",1,1,10000,1,"Ireland"
"B06AC01",1,1,10000,1,"Ireland"
"C01AA05",3,3,3333.33333333333,3,"Ireland"
"C01BC04",4,7,2653.0612244898,3.76923076923077,"Ireland"
"C01BD01",3,6,3888.88888888889,2.57142857142857,"Ireland"
"C01CA02",3,3,3333.33333333333,3,"Ireland"
"C01CA03",5,9,2839.50617283951,3.52173913043478,"Ireland"
"C01CA04",2,2,5000,2,"Ireland"
"C01CA07",1,1,10000,1,"Ireland"
"C01CA24",4,8,3125,3.2,"Ireland"
"C01CA26",3,4,3750,2.66666666666667,"Ireland"
"C01CE02",1,1,10000,1,"Ireland"
"C01DA02",4,8,4375,2.28571428571429,"Ireland"
"C01EB10",3,3,3333.33333333333,3,"Ireland"
"C02AC01",2,3,5555.55555555556,1.8,"Ireland"
"C03CA01",10,18,1234.56790123457,8.1,"Ireland"
"C07AA05",5,7,2653.0612244898,3.76923076923077,"Ireland"
"C07AG01",2,3,5555.55555555556,1.8,"Ireland"
"C08CA06",1,3,10000,1,"Ireland"
"C08DA01",5,6,2222.22222222222,4.5,"Ireland"
"G03XB01",2,2,5000,2,"Ireland"
"H01BA01",1,1,10000,1,"Ireland"
"H01BA02",1,1,10000,1,"Ireland"
"H01BB02",2,3,5555.55555555556,1.8,"Ireland"
"H01BB03",1,1,10000,1,"Ireland"
"H02AA02",2,2,5000,2,"Ireland"
"H02AB04",1,1,10000,1,"Ireland"
"H02AB06",5,7,2244.89795918367,4.45454545454546,"Ireland"
"H02AB09",4,5,2800,3.57142857142857,"Ireland"
"H03BA02",1,1,10000,1,"Ireland"
"H03BB01",3,3,3333.33333333333,3,"Ireland"
"H04AA01",1,1,10000,1,"Ireland"
"J01AA02",4,8,4375,2.28571428571429,"Ireland"
"J01CA04",6,9,2592.59259259259,3.85714285714286,"Ireland"
"J01CE01",4,5,2800,3.57142857142857,"Ireland"
"J01CE02",3,5,4400,2.27272727272727,"Ireland"
"J01CF05",8,16,1562.5,6.4,"Ireland"
"J01CR02",11,18,1358.02469135803,7.36363636363636,"Ireland"
"J01CR05",7,8,1562.5,6.4,"Ireland"
"J01DC02",9,12,1250,8,"Ireland"
"J01DD01",5,7,2653.0612244898,3.76923076923077,"Ireland"
"J01DD02",3,4,3750,2.66666666666667,"Ireland"
"J01DD04",5,6,2222.22222222222,4.5,"Ireland"
"J01DD08",2,2,5000,2,"Ireland"
"J01DF01",1,1,10000,1,"Ireland"
"J01EA01",2,4,5000,2,"Ireland"
"J01EE01",3,3,3333.33333333333,3,"Ireland"
"J01FA01",5,6,2222.22222222222,4.5,"Ireland"
"J01FA09",15,26,798.816568047337,12.5185185185185,"Ireland"
"J01FA10",12,13,887.573964497042,11.2666666666667,"Ireland"
"J01FF01",6,9,2592.59259259259,3.85714285714286,"Ireland"
"J01GB01",6,8,1875,5.33333333333333,"Ireland"
"J01GB03",3,4,3750,2.66666666666667,"Ireland"
"J01GB06",2,4,6250,1.6,"Ireland"
"J01MA02",8,13,1479.2899408284,6.76,"Ireland"
"J01MA12",6,7,1836.73469387755,5.44444444444444,"Ireland"
"J01XA01",5,11,2561.98347107438,3.90322580645161,"Ireland"
"J01XA02",3,6,5000,2,"Ireland"
"J01XB01",5,6,2222.22222222222,4.5,"Ireland"
"J01XD01",3,3,3333.33333333333,3,"Ireland"
"J01XX01",3,5,3600,2.77777777777778,"Ireland"
"J02AA01",4,4,2500,4,"Ireland"
"J02AC01",9,11,1239.6694214876,8.06666666666667,"Ireland"
"J02AC04",4,4,2500,4,"Ireland"
"J04AB02",1,3,10000,1,"Ireland"
"J04AB04",1,1,10000,1,"Ireland"
"J04AK02",1,1,10000,1,"Ireland"
"J04AM02",1,1,10000,1,"Ireland"
"J05AB01",9,12,1388.88888888889,7.2,"Ireland"
"J05AB06",1,2,10000,1,"Ireland"
"J05AB14",4,5,2800,3.57142857142857,"Ireland"
"J05AD01",3,3,3333.33333333333,3,"Ireland"
"J05AF01",4,4,2500,4,"Ireland"
"J05AR02",3,4,3750,2.66666666666667,"Ireland"
"J06BA01",3,3,3333.33333333333,3,"Ireland"
"J06BA02",4,4,2500,4,"Ireland"
"J06BB01",1,1,10000,1,"Ireland"
"J06BB02",1,1,10000,1,"Ireland"
"J06BB04",1,1,10000,1,"Ireland"
"J07AJ52",3,3,3333.33333333333,3,"Ireland"
"J07AM51",1,1,10000,1,"Ireland"
"J07AP03",2,3,5555.55555555556,1.8,"Ireland"
"J07BB02",4,5,2800,3.57142857142857,"Ireland"
"J07BC01",1,1,10000,1,"Ireland"
"J07BC02",4,4,2500,4,"Ireland"
"J07BD52",1,1,10000,1,"Ireland"
"J07BD54",1,1,10000,1,"Ireland"
"J07BG01",2,2,5000,2,"Ireland"
"J07BK01",1,1,10000,1,"Ireland"
"J07BL01",2,2,5000,2,"Ireland"
"J07CA01",2,2,5000,2,"Ireland"
"J07CA02",2,3,5555.55555555556,1.8,"Ireland"
"L01AA01",2,2,5000,2,"Ireland"
"L01AA02",1,1,10000,1,"Ireland"
"L01AA03",4,4,2500,4,"Ireland"
"L01AA06",1,1,10000,1,"Ireland"
"L01AB01",1,1,10000,1,"Ireland"
"L01AB02",2,2,5000,2,"Ireland"
"L01AC01",1,1,10000,1,"Ireland"
"L01AX04",1,2,10000,1,"Ireland"
"L01BA01",4,6,3333.33333333333,3,"Ireland"
"L01BA01, L04AX03",1,1,10000,1,"Ireland"
"L01BB02",2,6,5555.55555555556,1.8,"Ireland"
"L01BB03",1,1,10000,1,"Ireland"
"L01BB05",3,3,3333.33333333333,3,"Ireland"
"L01BC01",4,5,2800,3.57142857142857,"Ireland"
"L01BC02",3,4,3750,2.66666666666667,"Ireland"
"L01BC05",4,5,2800,3.57142857142857,"Ireland"
"L01CA01",1,1,10000,1,"Ireland"
"L01CA02",1,1,10000,1,"Ireland"
"L01CB01",4,5,2800,3.57142857142857,"Ireland"
"L01CD01",5,5,2000,5,"Ireland"
"L01DB01",7,8,1562.5,6.4,"Ireland"
"L01DB02",1,1,10000,1,"Ireland"
"L01DB03",3,4,3750,2.66666666666667,"Ireland"
"L01DB06",1,1,10000,1,"Ireland"
"L01DC03",1,1,10000,1,"Ireland"
"L01EA03",4,4,2500,4,"Ireland"
"L01XA01",3,3,3333.33333333333,3,"Ireland"
"L01XA02",4,4,2500,4,"Ireland"
"L01XA03",3,3,3333.33333333333,3,"Ireland"
"L01XF01",2,2,5000,2,"Ireland"
"L01XX05",2,2,5000,2,"Ireland"
"L02BA01",4,4,2500,4,"Ireland"
"L03AX03",2,2,5000,2,"Ireland"
"L03AX13",5,6,2222.22222222222,4.5,"Ireland"
"L03AX16",3,4,3750,2.66666666666667,"Ireland"
"L04AA03",1,1,10000,1,"Ireland"
"L04AA04",3,3,3333.33333333333,3,"Ireland"
"L04AD01",3,4,3750,2.66666666666667,"Ireland"
"L04AD02",1,1,10000,1,"Ireland"
"L04AX03",5,5,2000,5,"Ireland"
"M03AB01",4,5,2800,3.57142857142857,"Ireland"
"M03AC04",5,5,2000,5,"Ireland"
"M03AC09",8,9,1358.02469135802,7.36363636363636,"Ireland"
"M03AC11",5,5,2000,5,"Ireland"
"M03CA01",1,1,10000,1,"Ireland"
"N01AH01",4,4,2500,4,"Ireland"
"N01AH06",4,6,2777.77777777778,3.6,"Ireland"
"N01AX03",1,1,10000,1,"Ireland"
"N01AX10",6,7,1836.73469387755,5.44444444444444,"Ireland"
"N02AA01",5,5,2000,5,"Ireland"
"N02BE01",16,47,1100.04526935265,9.09053497942387,"Ireland"
"N03AA02",1,1,10000,1,"Ireland"
"N03AB02",4,6,2777.77777777778,3.6,"Ireland"
"N03AD01",1,4,10000,1,"Ireland"
"N03AE01",2,2,5000,2,"Ireland"
"N03AF01",3,4,3750,2.66666666666667,"Ireland"
"N03AG01",4,5,2800,3.57142857142857,"Ireland"
"N03AG04",1,1,10000,1,"Ireland"
"N04AA02",1,1,10000,1,"Ireland"
"N05AD01",3,4,3750,2.66666666666667,"Ireland"
"N05AH03",8,11,1570.2479338843,6.36842105263158,"Ireland"
"N05AN01",2,3,5555.55555555556,1.8,"Ireland"
"N05BA01",4,5,2800,3.57142857142857,"Ireland"
"N05BA06",4,4,2500,4,"Ireland"
"N05CD08",9,11,1239.6694214876,8.06666666666667,"Ireland"
"N05CM18",7,7,1428.57142857143,7,"Ireland"
"P01AB01",2,3,5555.55555555556,1.8,"Ireland"
"P01CX01",1,1,10000,1,"Ireland"
"R03AC02",7,8,1562.5,6.4,"Ireland"
"R03BB01",2,3,5555.55555555556,1.8,"Ireland"
"R03CC02",2,2,5000,2,"Ireland"
"R05CB01",3,3,3333.33333333333,3,"Ireland"
"R05CB13",1,2,10000,1,"Ireland"
"S01EB01",1,1,10000,1,"Ireland"
"S01EC01",4,4,2500,4,"Ireland"
"S01FA04",1,1,10000,1,"Ireland"
"S02AA15",1,1,10000,1,"Ireland"
"V03AB06",1,1,10000,1,"Ireland"
"V03AB14",1,1,10000,1,"Ireland"
"V03AB15",5,5,2000,5,"Ireland"
"V03AB23",1,1,10000,1,"Ireland"
"V03AB25",1,1,10000,1,"Ireland"
"V03AB34",1,2,10000,1,"Ireland"
"V03AB35",10,20,1550,6.4516129032258,"Ireland"
"V03AC01",1,1,10000,1,"Ireland"
"V03AE01",1,1,10000,1,"Ireland"
"V03AF01",2,3,5555.55555555556,1.8,"Ireland"
"V03AF03",6,6,1666.66666666667,6,"Ireland"
"V04CF01",1,1,10000,1,"Ireland"
"A03BA01",3,3,3333.33333333333,3,"CEP"
"B02AA02",3,10,3400,2.94117647058824,"CEP"
"B05BC01",2,2,5000,2,"CEP"
"B05XA01",4,4,2500,4,"CEP"
"C01AA05",4,7,3061.22448979592,3.26666666666667,"CEP"
"C01BB01",6,8,2187.5,4.57142857142857,"CEP"
"C01CA24",5,7,2653.0612244898,3.76923076923077,"CEP"
"C01EB10",3,4,3750,2.66666666666667,"CEP"
"C03CA01",4,9,3827.16049382716,2.61290322580645,"CEP"
"C08CA06",4,4,2500,4,"CEP"
"H01BA02",7,12,1944.44444444444,5.14285714285714,"CEP"
"H01BB02",4,6,3333.33333333333,3,"CEP"
"H02AB04",5,9,2839.50617283951,3.52173913043478,"CEP"
"H02AB06",4,9,4814.81481481481,2.07692307692308,"CEP"
"H02AB09",6,11,2727.27272727273,3.66666666666667,"CEP"
"H03BA02",2,2,5000,2,"CEP"
"H03BB01",2,4,6250,1.6,"CEP"
"H03BB02",2,2,5000,2,"CEP"
"J01EA01",5,11,2892.56198347107,3.45714285714286,"CEP"
"J01FA01",6,11,2396.69421487603,4.17241379310345,"CEP"
"J01FA09",6,16,3281.25,3.04761904761905,"CEP"
"J01FA10",5,17,3564.01384083045,2.80582524271845,"CEP"
"J01GB01",3,5,4400,2.27272727272727,"CEP"
"J01MA02",5,8,3125,3.2,"CEP"
"J01XA02",3,8,3437.5,2.90909090909091,"CEP"
"J01XD01",3,8,4062.5,2.46153846153846,"CEP"
"J02AA01",3,5,3600,2.77777777777778,"CEP"
"J02AC01",3,16,6796.875,1.47126436781609,"CEP"
"J04AB02",2,3,5555.55555555556,1.8,"CEP"
"J04AC01",3,5,4400,2.27272727272727,"CEP"
"J04AK01",2,4,6250,1.6,"CEP"
"J04BA02",2,5,6800,1.47058823529412,"CEP"
"J05AB01",5,18,2530.86419753086,3.95121951219512,"CEP"
"J05AB06",2,3,5555.55555555556,1.8,"CEP"
"J05AF01",5,11,2561.98347107438,3.90322580645161,"CEP"
"J05AF05",2,12,7222.22222222222,1.38461538461538,"CEP"
"J05AG01",2,6,5555.55555555556,1.8,"CEP"
"L01AA02",1,1,10000,1,"CEP"
"L01AA03",2,2,5000,2,"CEP"
"L01AA06",2,2,5000,2,"CEP"
"L01AB01",4,7,3877.55102040816,2.57894736842105,"CEP"
"L01AX04",4,5,2800,3.57142857142857,"CEP"
"L01BA01",6,8,1875,5.33333333333333,"CEP"
"L01BC01",5,6,2222.22222222222,4.5,"CEP"
"L01BC02",3,4,3750,2.66666666666667,"CEP"
"L01CB01",5,8,2500,4,"CEP"
"L01CD01",9,22,1652.89256198347,6.05,"CEP"
"L01DC03",3,5,4400,2.27272727272727,"CEP"
"L01XA01",6,15,2355.55555555556,4.24528301886792,"CEP"
"L01XA02",7,18,2222.22222222222,4.5,"CEP"
"L01XA03",8,25,2128,4.69924812030075,"CEP"
"L01XX05",3,4,3750,2.66666666666667,"CEP"
"L04AD01",8,11,1900.82644628099,5.26086956521739,"CEP"
"L04AX03",6,8,1875,5.33333333333333,"CEP"
"M01CC01",1,3,10000,1,"CEP"
"N01AH01",10,14,1428.57142857143,7,"CEP"
"N01AH03",2,3,5555.55555555556,1.8,"CEP"
"N01AX10",6,13,2307.69230769231,4.33333333333333,"CEP"
"N02BE01",8,20,2150,4.65116279069767,"CEP"
"N03AA02",4,6,2777.77777777778,3.6,"CEP"
"N03AB02",2,2,5000,2,"CEP"
"N03AD01",1,1,10000,1,"CEP"
"N03AE01",2,4,6250,1.6,"CEP"
"N03AF01",8,19,2022.16066481994,4.94520547945206,"CEP"
"N03AG01",6,9,2592.59259259259,3.85714285714286,"CEP"
"N03AG04",1,4,10000,1,"CEP"
"N05AD01",4,7,3877.55102040816,2.57894736842105,"CEP"
"N05AH03",5,23,5652.17391304348,1.76923076923077,"CEP"
"N05BA01",3,6,5000,2,"CEP"
"N05BA06",3,6,3888.88888888889,2.57142857142857,"CEP"
"N05CD08",5,8,2500,4,"CEP"
"N06BC01",3,9,5061.72839506173,1.97560975609756,"CEP"
"P01AB01",3,8,4062.5,2.46153846153846,"CEP"
"P02CA03",3,8,4687.5,2.13333333333333,"CEP"
"S01EC01",2,4,6250,1.6,"CEP"
"S02AA15",5,8,3125,3.2,"CEP"
"S03AA07",5,8,3125,3.2,"CEP"
"V03AB23",9,14,1326.5306122449,7.53846153846154,"CEP"
"V03AB25",4,4,2500,4,"CEP"
